aload	19	1	1
astore	3a	1	1
bipush	10	1	1
dload	18	1	1
dstore	39	1	1
fload	17	1	1
fstore	38	1	1
iload	15	1	1
istore	36	1	1
ldc	12	1	1
lload	16	1	1
lstore	37	1	1
newarray	bc	1	1
ret	a9	1	1
anewarray	bd	2	2
checkcast	c0	2	2
getfield	b4	2	2
getstatic	b2	2	2
goto	a7	2	2
if_acmpeq	a5	2	2
if_acmpne	a6	2	2
if_icmpeq	9f	2	2
if_icmpge	a2	2	2
if_icmpgt	a3	2	2
if_icmple	a4	2	2
if_icmplt	a1	2	2
if_icmpne	a0	2	2
ifeq	99	2	2
ifge	9c	2	2
ifgt	9d	2	2
ifle	9e	2	2
iflt	9b	2	2
ifne	9a	2	2
ifnonnull	c7	2	2
ifnull	c6	2	2
iinc	84	2	1,1
instanceof	c1	2	2
invokespecial	b7	2	2
invokestatic	b8	2	2
invokevirtual	b6	2	2
jsr	a8	2	2
ldc_w	13	2	2
ldc2_w	14	2	2
new	bb	2	2
putfield	b5	2	2
putstatic	b3	2	2
sipush	11	2	2
multianewarray	c5	3	2,1
goto_w	c8	4	4
invokedynamic	ba	4	2,1,1
invokeinterface	b9	4	2,1,1
jsr_w	c9	4	4
tableswitch	aa	?	
wide	c4	?	
lookupswitch	ab	?	
aaload	32	0	
aastore	53	0	
aconst_null	1	0	
aload_0	2a	0	
aload_1	2b	0	
aload_2	2c	0	
aload_3	2d	0	
areturn	b0	0	
arraylength	be	0	
astore_0	4b	0	
astore_1	4c	0	
astore_2	4d	0	
astore_3	4e	0	
athrow	bf	0	
baload	33	0	
bastore	54	0	
breakpoint	ca	0	
caload	34	0	
castore	55	0	
d2f	90	0	
d2i	8e	0	
d2l	8f	0	
dadd	63	0	
daload	31	0	
dastore	52	0	
dcmpg	98	0	
dcmpl	97	0	
dconst_0	0e	0	
dconst_1	0f	0	
ddiv	6f	0	
dload_0	26	0	
dload_1	27	0	
dload_2	28	0	
dload_3	29	0	
dmul	6b	0	
dneg	77	0	
drem	73	0	
dreturn	af	0	
dstore_0	47	0	
dstore_1	48	0	
dstore_2	49	0	
dstore_3	4a	0	
dsub	67	0	
dup	59	0	
dup_x1	5a	0	
dup_x2	5b	0	
dup2	5c	0	
dup2_x1	5d	0	
dup2_x2	5e	0	
f2d	8d	0	
f2i	8b	0	
f2l	8c	0	
fadd	62	0	
faload	30	0	
fastore	51	0	
fcmpg	96	0	
fcmpl	95	0	
fconst_0	0b	0	
fconst_1	0c	0	
fconst_2	0d	0	
fdiv	6e	0	
fload_0	22	0	
fload_1	23	0	
fload_2	24	0	
fload_3	25	0	
fmul	6a	0	
fneg	76	0	
frem	72	0	
freturn	ae	0	
fstore_0	43	0	
fstore_1	44	0	
fstore_2	45	0	
fstore_3	46	0	
fsub	66	0	
i2b	91	0	
i2c	92	0	
i2d	87	0	
i2f	86	0	
i2l	85	0	
i2s	93	0	
iadd	60	0	
iaload	2e	0	
iand	7e	0	
iastore	4f	0	
iconst_m1	2	0	
iconst_0	3	0	
iconst_1	4	0	
iconst_2	5	0	
iconst_3	6	0	
iconst_4	7	0	
iconst_5	8	0	
idiv	6c	0	
iload_0	1a	0	
iload_1	1b	0	
iload_2	1c	0	
iload_3	1d	0	
impdep1	fe	0	
impdep2	ff	0	
imul	68	0	
ineg	74	0	
ior	80	0	
irem	70	0	
ireturn	ac	0	
ishl	78	0	
ishr	7a	0	
istore_0	3b	0	
istore_1	3c	0	
istore_2	3d	0	
istore_3	3e	0	
isub	64	0	
iushr	7c	0	
ixor	82	0	
l2d	8a	0	
l2f	89	0	
l2i	88	0	
ladd	61	0	
laload	2f	0	
land	7f	0	
lastore	50	0	
lcmp	94	0	
lconst_0	9	0	
lconst_1	0a	0	
ldiv	6d	0	
lload_0	1e	0	
lload_1	1f	0	
lload_2	20	0	
lload_3	21	0	
lmul	69	0	
lneg	75	0	
lor	81	0	
lrem	71	0	
lreturn	ad	0	
lshl	79	0	
lshr	7b	0	
lstore_0	3f	0	
lstore_1	40	0	
lstore_2	41	0	
lstore_3	42	0	
lsub	65	0	
lushr	7d	0	
lxor	83	0	
monitorenter	c2	0	
monitorexit	c3	0	
nop	0	0	
pop	57	0	
pop2	58	0	
return	b1	0	
saload	35	0	
sastore	56	0	
swap	5f	0	
